"key","R0","VE","coverage","traveller_ob_prob","worker_ob_prob","chance50","chance95"
"5_0.5_0.1",5,0.5,0.1,0.00903,0.14613,46.2700000000186,198.825999999978
"6_0.5_0.1",6,0.5,0.1,0.01352,0.16433,29.4833333333227,128.466666666674
"7_0.5_0.1",7,0.5,0.1,0.0137,0.17484,25.7616666666581,108.347999999981
"8_0.5_0.1",8,0.5,0.1,0.01881,0.18244,20.2866666666232,87.9893333333544
"9_0.5_0.1",9,0.5,0.1,0.02028,0.19702,15.7200000000012,68.7266666666837
"10_0.5_0.1",10,0.5,0.1,0.02102,0.20334,15.0633333333535,64.6143333333384
"5_0.6_0.1",5,0.6,0.1,0.00891,0.12914,72.0366666666232,309.581166666634
"6_0.6_0.1",6,0.6,0.1,0.00925,0.14966,56.1349999999984,253.393333333317
"7_0.6_0.1",7,0.6,0.1,0.01261,0.15887,40.9533333332511,178.870000000112
"8_0.6_0.1",8,0.6,0.1,0.01329,0.17114,37.236666666664,160.704333333357
"9_0.6_0.1",9,0.6,0.1,0.01498,0.1762,31.3083333333489,137.218500000008
"10_0.6_0.1",10,0.6,0.1,0.01752,0.18825,23.7800000000279,103.443333333381
"5_0.7_0.1",5,0.7,0.1,0.00645,0.11452,151.766666666721,669.841333333432
"6_0.7_0.1",6,0.7,0.1,0.00708,0.12124,107.666666666511,465.421333333268
"7_0.7_0.1",7,0.7,0.1,0.01039,0.13773,87.0366666666814,367.177499999932
"8_0.7_0.1",8,0.7,0.1,0.0098,0.15241,70.7766666666139,302.826666666588
"9_0.7_0.1",9,0.7,0.1,0.01195,0.15702,57.6666666667443,255.131999999913
"10_0.7_0.1",10,0.7,0.1,0.01556,0.16802,44.6016666666255,193.145166666674
"5_0.8_0.1",5,0.8,0.1,0.00322,0.0832,494.239999999991,2163.58633333326
"6_0.8_0.1",6,0.8,0.1,0.00451,0.09048,333.899999999907,1372.66500000001
"7_0.8_0.1",7,0.8,0.1,0.00415,0.10834,262.966666666791,1114.54216666669
"8_0.8_0.1",8,0.8,0.1,0.00881,0.11587,163,708.130666666664
"9_0.8_0.1",9,0.8,0.1,0.00678,0.12944,164.669999999925,716.973333333107
"10_0.8_0.1",10,0.8,0.1,0.00889,0.13534,138.876666666707,593.685999999998
"5_0.9_0.1",5,0.9,0.1,0.00227,0.03981,2054.22000000021,8897.21833333338
"6_0.9_0.1",6,0.9,0.1,0.00224,0.05574,1769.00166666741,7339.97250000015
"7_0.9_0.1",7,0.9,0.1,0.00327,0.05665,1219.17333333334,5246.97833333318
"8_0.9_0.1",8,0.9,0.1,0.00326,0.06035,1292.06833333324,5796.23100000029
"9_0.9_0.1",9,0.9,0.1,0.00331,0.08245,997.926666666754,4476.54733333308
"10_0.9_0.1",10,0.9,0.1,0.00413,0.0869,1256.73333333334,5437.49866666682
"5_0.5_0.2",5,0.5,0.2,0.0085,0.13951,47.8366666666698,203.611833333265
"6_0.5_0.2",6,0.5,0.2,0.01268,0.15995,30.9166666666715,135.085666666692
"7_0.5_0.2",7,0.5,0.2,0.01388,0.17164,25.1566666667009,108.383333333279
"8_0.5_0.2",8,0.5,0.2,0.0187,0.17929,20.4400000000023,89.6553333334159
"9_0.5_0.2",9,0.5,0.2,0.02046,0.19143,15.873333333293,69.506333333312
"10_0.5_0.2",10,0.5,0.2,0.02095,0.19965,15.1983333333119,65.6296666666851
"5_0.6_0.2",5,0.6,0.2,0.00886,0.12389,72.0633333333335,308.539666666789
"6_0.6_0.2",6,0.6,0.2,0.00922,0.14233,58.0733333332464,254.687333333353
"7_0.6_0.2",7,0.6,0.2,0.01155,0.15196,43.5,188.954000000027
"8_0.6_0.2",8,0.6,0.2,0.01289,0.16574,38.1716666666034,166.683333333352
"9_0.6_0.2",9,0.6,0.2,0.01425,0.17021,32.7700000000477,143.350833333359
"10_0.6_0.2",10,0.6,0.2,0.01602,0.18137,25.2166666666744,107.68433333335
"5_0.7_0.2",5,0.7,0.2,0.0059,0.1084,166.380000000005,725.713166666725
"6_0.7_0.2",6,0.7,0.2,0.0065,0.11498,114.940000000177,498.378333333338
"7_0.7_0.2",7,0.7,0.2,0.00938,0.13184,91.0433333333349,396.393333333335
"8_0.7_0.2",8,0.7,0.2,0.00894,0.14535,75.0400000000373,322.966666666651
"9_0.7_0.2",9,0.7,0.2,0.0117,0.15172,59.6599999999962,260.922666666703
"10_0.7_0.2",10,0.7,0.2,0.01477,0.16215,46.8683333333174,198.983499999985
"5_0.8_0.2",5,0.8,0.2,0.00336,0.07572,509.496666666702,2278.72300000002
"6_0.8_0.2",6,0.8,0.2,0.0042,0.08455,350.010000000009,1465.20600000001
"7_0.8_0.2",7,0.8,0.2,0.00368,0.10122,286.726666666567,1253.68999999997
"8_0.8_0.2",8,0.8,0.2,0.00796,0.11045,179.121666666681,779.729500000039
"9_0.8_0.2",9,0.8,0.2,0.00676,0.123,171.06333333347,744.563000000044
"10_0.8_0.2",10,0.8,0.2,0.00787,0.12707,151.310000000056,659.681666666536
"5_0.9_0.2",5,0.9,0.2,0.00161,0.03534,2654.0466666664,12246.0021666667
"6_0.9_0.2",6,0.9,0.2,0.0019,0.04969,2012.71166666644,8850.69366666669
"7_0.9_0.2",7,0.9,0.2,0.00325,0.0521,1261.40833333274,5379.64033333389
"8_0.9_0.2",8,0.9,0.2,0.00314,0.05671,1338.10666666646,5775.29500000021
"9_0.9_0.2",9,0.9,0.2,0.0038,0.07579,996.989999999758,4253.13666666667
"10_0.9_0.2",10,0.9,0.2,0.00377,0.08059,1402.41666666698,6092.80933333328
"5_0.5_0.3",5,0.5,0.3,0.00801,0.13511,49.2900000000373,214.344666666654
"6_0.5_0.3",6,0.5,0.3,0.01283,0.1527,31.7133333333768,138.806666666671
"7_0.5_0.3",7,0.5,0.3,0.01336,0.16741,26.2866666666523,114.113333333327
"8_0.5_0.3",8,0.5,0.3,0.01738,0.17219,21.7166666666528,93.7946666666685
"9_0.5_0.3",9,0.5,0.3,0.01913,0.187,16.6749999999884,71.5066666666971
"10_0.5_0.3",10,0.5,0.3,0.01963,0.19515,15.8699999999953,67.9301666666783
"5_0.6_0.3",5,0.6,0.3,0.00832,0.11632,77.8500000000931,332.678666666592
"6_0.6_0.3",6,0.6,0.3,0.00881,0.1373,60.9866666665766,267.524666666635
"7_0.6_0.3",7,0.6,0.3,0.0119,0.14502,44.2233333333279,194.928333333286
"8_0.6_0.3",8,0.6,0.3,0.01222,0.15909,39.8000000000466,172.627666666656
"9_0.6_0.3",9,0.6,0.3,0.01357,0.16415,34.1799999999348,150.070000000031
"10_0.6_0.3",10,0.6,0.3,0.01603,0.17428,26.054999999993,110.282500000004
"5_0.7_0.3",5,0.7,0.3,0.00575,0.10107,172.871666666586,741.96616666665
"6_0.7_0.3",6,0.7,0.3,0.00595,0.10793,121.573333333246,529.29266666667
"7_0.7_0.3",7,0.7,0.3,0.00837,0.12405,100.506666666653,440.223666666655
"8_0.7_0.3",8,0.7,0.3,0.00896,0.13603,77.7299999999814,336.679999999993
"9_0.7_0.3",9,0.7,0.3,0.01105,0.14321,65.123333333293,278.163333333214
"10_0.7_0.3",10,0.7,0.3,0.01286,0.15598,51.4349999999977,223.362666666793
"5_0.8_0.3",5,0.8,0.3,0.00291,0.07009,573.160000000149,2464.14833333329
"6_0.8_0.3",6,0.8,0.3,0.00379,0.07686,391.040000000037,1693.07599999998
"7_0.8_0.3",7,0.8,0.3,0.00351,0.09253,318.311666666734,1296.4508333332
"8_0.8_0.3",8,0.8,0.3,0.00732,0.10151,198.233333333395,821.803999999911
"9_0.8_0.3",9,0.8,0.3,0.00649,0.11373,175.438333333354,777.064166666692
"10_0.8_0.3",10,0.8,0.3,0.00692,0.1185,168.544999999998,727.667999999947
"5_0.9_0.3",5,0.9,0.3,0.00158,0.03034,2956.40333333329,12237.0375000002
"6_0.9_0.3",6,0.9,0.3,0.00179,0.04397,2198.62999999989,9156.81433333345
"7_0.9_0.3",7,0.9,0.3,0.00259,0.0472,1548.97499999998,6738.65100000007
"8_0.9_0.3",8,0.9,0.3,0.00336,0.0497,1311.11333333328,5555.35600000017
"9_0.9_0.3",9,0.9,0.3,0.00319,0.07071,1139.3666666667,4969.08733333318
"10_0.9_0.3",10,0.9,0.3,0.00372,0.07499,952.389999999898,4132.51133333333
"5_0.5_0.4",5,0.5,0.4,0.00795,0.12799,50.6249999999709,222.914333333385
"6_0.5_0.4",6,0.5,0.4,0.01165,0.1463,34.8716666666587,150.742666666672
"7_0.5_0.4",7,0.5,0.4,0.01199,0.15924,28.1916666666693,120.846833333289
"8_0.5_0.4",8,0.5,0.4,0.01707,0.16907,21.8999999999651,97.0041666666657
"9_0.5_0.4",9,0.5,0.4,0.01833,0.1811,17.1866666667629,74.7679999999876
"10_0.5_0.4",10,0.5,0.4,0.01863,0.18874,16.5133333333361,71.8650000000489
"5_0.6_0.4",5,0.6,0.4,0.00762,0.11191,83.8033333333442,360.341333333313
"6_0.6_0.4",6,0.6,0.4,0.00838,0.12949,66.1533333333209,281.518666666667
"7_0.6_0.4",7,0.6,0.4,0.01065,0.13841,47.8566666666884,214.418166666728
"8_0.6_0.4",8,0.6,0.4,0.01124,0.15219,42.6750000000466,184.66250000005
"9_0.6_0.4",9,0.6,0.4,0.01301,0.15542,35.9066666666186,157.228666666651
"10_0.6_0.4",10,0.6,0.4,0.01496,0.16851,26.8233333332901,117.663500000025
"5_0.7_0.4",5,0.7,0.4,0.00482,0.09373,199.46166666667,851.666666666646
"6_0.7_0.4",6,0.7,0.4,0.00562,0.10018,134.990000000049,562.203000000067
"7_0.7_0.4",7,0.7,0.4,0.00761,0.11655,109.561666666647,473.980833333306
"8_0.7_0.4",8,0.7,0.4,0.00794,0.13009,83.5066666665953,364.765333333379
"9_0.7_0.4",9,0.7,0.4,0.01009,0.13875,69.3783333332394,299.789333333226
"10_0.7_0.4",10,0.7,0.4,0.01264,0.1471,53.4333333333489,230.820666666643
"5_0.8_0.4",5,0.8,0.4,0.00241,0.06307,657.809999999998,2787.86399999999
"6_0.8_0.4",6,0.8,0.4,0.00336,0.06932,425.986666666577,1828.18733333321
"7_0.8_0.4",7,0.8,0.4,0.00299,0.08632,332.246666666673,1438.05399999999
"8_0.8_0.4",8,0.8,0.4,0.00702,0.09235,208.400000000023,914.642166666675
"9_0.8_0.4",9,0.8,0.4,0.00588,0.10697,200.680000000168,859.262000000011
"10_0.8_0.4",10,0.8,0.4,0.00646,0.10932,182.323333333246,793.252333333389
"5_0.9_0.4",5,0.9,0.4,0.00136,0.02732,3537.51666666637,14785.8004999999
"6_0.9_0.4",6,0.9,0.4,0.00154,0.04004,2340.74666666638,10140.0548333328
"7_0.9_0.4",7,0.9,0.4,0.00227,0.04035,1823.15333333332,7552.05600000024
"8_0.9_0.4",8,0.9,0.4,0.00228,0.04385,1768.0466666664,7883.79733333336
"9_0.9_0.4",9,0.9,0.4,0.0026,0.0632,1329.80000000005,5578.66516666682
"10_0.9_0.4",10,0.9,0.4,0.00317,0.06538,1643.37666666694,6998.8200000003
"5_0.5_0.5",5,0.5,0.5,0.00715,0.12336,55.3216666666849,236.561666666716
"6_0.5_0.5",6,0.5,0.5,0.01081,0.14173,36.0800000000163,155.331833333357
"7_0.5_0.5",7,0.5,0.5,0.01224,0.15259,28.5533333333442,121.000000000058
"8_0.5_0.5",8,0.5,0.5,0.01582,0.16167,23.3283333333384,102.968500000017
"9_0.5_0.5",9,0.5,0.5,0.01772,0.17489,17.8433333333232,77.691500000024
"10_0.5_0.5",10,0.5,0.5,0.01841,0.18453,16.7066666666797,72.0906666666677
"5_0.6_0.5",5,0.6,0.5,0.00737,0.10518,87.4666666666744,375.563999999939
"6_0.6_0.5",6,0.6,0.5,0.00815,0.12127,67.6999999999825,296.113000000105
"7_0.6_0.5",7,0.6,0.5,0.00973,0.13113,52.973333333357,221.736999999959
"8_0.6_0.5",8,0.6,0.5,0.01093,0.14393,44.593333333265,191.374999999919
"9_0.6_0.5",9,0.6,0.5,0.01201,0.1481,38.6233333335258,169.32999999997
"10_0.6_0.5",10,0.6,0.5,0.01403,0.16193,28.093333333265,122.407333333345
"5_0.7_0.5",5,0.7,0.5,0.00445,0.08509,211.883333333302,926.745333333266
"6_0.7_0.5",6,0.7,0.5,0.00468,0.09207,146.166666666628,646.7308333333
"7_0.7_0.5",7,0.7,0.5,0.00835,0.10708,106.046666666662,456.886666666786
"8_0.7_0.5",8,0.7,0.5,0.0074,0.12094,91.3666666666686,404.915333333402
"9_0.7_0.5",9,0.7,0.5,0.00926,0.12776,73.9850000000297,329.027333333314
"10_0.7_0.5",10,0.7,0.5,0.01137,0.13862,57.6366666666581,243.294000000003
"5_0.8_0.5",5,0.8,0.5,0.00206,0.05405,794.351666666626,3430.53000000006
"6_0.8_0.5",6,0.8,0.5,0.00289,0.06162,512.430000000168,2147.07966666669
"7_0.8_0.5",7,0.8,0.5,0.00293,0.07826,370.636666666484,1572.24200000009
"8_0.8_0.5",8,0.8,0.5,0.00622,0.08232,232.75,1013.10866666669
"9_0.8_0.5",9,0.8,0.5,0.0052,0.09457,219.253333333414,961.493333333358
"10_0.8_0.5",10,0.8,0.5,0.00572,0.09992,201.296666666865,870.0196666667
"5_0.9_0.5",5,0.9,0.5,0.00105,0.02384,4259.55333333346,18961.0875
"6_0.9_0.5",6,0.9,0.5,0.00111,0.03321,3070.30000000005,14101.1
"7_0.9_0.5",7,0.9,0.5,0.00199,0.03421,2075.8666666667,8807.05333333323
"8_0.9_0.5",8,0.9,0.5,0.00199,0.03725,2236.98333333334,9221.57133333385
"9_0.9_0.5",9,0.9,0.5,0.00248,0.0531,1495.0299999998,6313.29733333327
"10_0.9_0.5",10,0.9,0.5,0.00287,0.05725,1843.063333333,7427.30400000016
"5_0.5_0.6",5,0.5,0.6,0.00719,0.11675,54.9683333333815,236.209000000078
"6_0.5_0.6",6,0.5,0.6,0.01042,0.13558,37.3299999999581,166.469
"7_0.5_0.6",7,0.5,0.6,0.01154,0.14801,30.0766666666605,132.109999999998
"8_0.5_0.6",8,0.5,0.6,0.01499,0.15457,24.9749999999622,107.715000000022
"9_0.5_0.6",9,0.5,0.6,0.01692,0.16921,18.5600000000559,79.3933333333422
"10_0.5_0.6",10,0.5,0.6,0.01678,0.1784,17.7766666666867,77.8098333333502
"5_0.6_0.6",5,0.6,0.6,0.00609,0.0957,101.82666666666,432.669666666642
"6_0.6_0.6",6,0.6,0.6,0.0072,0.116,72.1416666666628,317.685500000149
"7_0.6_0.6",7,0.6,0.6,0.00942,0.12243,54.6966666666558,235.763
"8_0.6_0.6",8,0.6,0.6,0.00988,0.13726,47.0766666666605,204.693333333323
"9_0.6_0.6",9,0.6,0.6,0.01111,0.14194,40.8466666666791,175.986999999976
"10_0.6_0.6",10,0.6,0.6,0.01378,0.15298,29.6300000000047,129.620000000054
"5_0.7_0.6",5,0.7,0.6,0.00438,0.07697,222.970000000088,966.377666666708
"6_0.7_0.6",6,0.7,0.6,0.00425,0.0827,162.693333333315,714.047499999979
"7_0.7_0.6",7,0.7,0.6,0.00708,0.09657,119.751666666667,522.279500000028
"8_0.7_0.6",8,0.7,0.6,0.00687,0.1103,98.7200000000012,435.804166666698
"9_0.7_0.6",9,0.7,0.6,0.00865,0.11745,79.4933333334047,340.671333333361
"10_0.7_0.6",10,0.7,0.6,0.01003,0.12824,64.0800000000745,274.852166666684
"5_0.8_0.6",5,0.8,0.6,0.00195,0.04584,893.326666666668,3806.63166666671
"6_0.8_0.6",6,0.8,0.6,0.0025,0.05208,591.333333333489,2608.99166666658
"7_0.8_0.6",7,0.8,0.6,0.0024,0.06705,426.300000000047,1888.99799999995
"8_0.8_0.6",8,0.8,0.6,0.00553,0.07521,256.113333333284,1119.29016666684
"9_0.8_0.6",9,0.8,0.6,0.00485,0.08371,240.063333333237,1038.48699999993
"10_0.8_0.6",10,0.8,0.6,0.00509,0.08923,224.319999999949,973.919333333289
"5_0.9_0.6",5,0.9,0.6,0.00099,0.0182,4630.55333333369,20298.2713333335
"6_0.9_0.6",6,0.9,0.6,0.00083,0.02679,4004.69666666654,17809.5810000008
"7_0.9_0.6",7,0.9,0.6,0.00181,0.02747,2270.70666666655,9246.40466666659
"8_0.9_0.6",8,0.9,0.6,0.00149,0.03076,2697.92333333334,11685.9213333336
"9_0.9_0.6",9,0.9,0.6,0.0018,0.04478,1934.76833333334,8983.36749999993
"10_0.9_0.6",10,0.9,0.6,0.00221,0.04734,2299.71666666633,10113.4399999998
"5_0.5_0.7",5,0.5,0.7,0.00653,0.11131,60.4566666666651,267.12266666666
"6_0.5_0.7",6,0.5,0.7,0.01028,0.12625,39.8166666666366,167.198500000034
"7_0.5_0.7",7,0.5,0.7,0.01039,0.1409,32.3400000000111,140.181333333315
"8_0.5_0.7",8,0.5,0.7,0.01401,0.14818,26.2966666666616,113.816833333339
"9_0.5_0.7",9,0.5,0.7,0.01575,0.16236,19.3866666666581,85.9616666666116
"10_0.5_0.7",10,0.5,0.7,0.01581,0.17113,18.6300000000047,80.7053333333344
"5_0.6_0.7",5,0.6,0.7,0.00633,0.08774,100.976666666684,444.016666666721
"6_0.6_0.7",6,0.6,0.7,0.00632,0.10521,81.769999999975,355.523833333335
"7_0.6_0.7",7,0.6,0.7,0.00854,0.11522,58.8566666666884,256.724666666647
"8_0.6_0.7",8,0.6,0.7,0.00914,0.12631,51.5633333333535,222.225999999978
"9_0.6_0.7",9,0.6,0.7,0.01081,0.13048,43.3933333333407,187.300666666635
"10_0.6_0.7",10,0.6,0.7,0.01261,0.14212,31.9033333333209,138.629333333331
"5_0.7_0.7",5,0.7,0.7,0.00362,0.06611,268.221666666679,1159.39116666668
"6_0.7_0.7",6,0.7,0.7,0.00391,0.07355,185.681666666671,809.996333333343
"7_0.7_0.7",7,0.7,0.7,0.00547,0.08669,147.883333333317,644.543333333335
"8_0.7_0.7",8,0.7,0.7,0.0055,0.10171,114.783333333209,481.382000000018
"9_0.7_0.7",9,0.7,0.7,0.00802,0.10485,89.0666666666512,387.35866666669
"10_0.7_0.7",10,0.7,0.7,0.00906,0.11564,69.4300000000512,301.719000000009
"5_0.8_0.7",5,0.8,0.7,0.00148,0.03838,1079.33666666644,4546.37000000011
"6_0.8_0.7",6,0.8,0.7,0.00187,0.04354,758.139999999665,3289.44766666668
"7_0.8_0.7",7,0.8,0.7,0.00181,0.05703,528.873333333293,2345.84499999997
"8_0.8_0.7",8,0.8,0.7,0.00475,0.06248,310.363333333749,1364.34999999998
"9_0.8_0.7",9,0.8,0.7,0.00379,0.07335,298.853333333391,1316.17799999998
"10_0.8_0.7",10,0.8,0.7,0.00453,0.07738,252.296666666633,1120.72466666661
"5_0.9_0.7",5,0.9,0.7,0.00071,0.0145,6352.58000000007,28800.1580000001
"6_0.9_0.7",6,0.9,0.7,0.00085,0.02125,4225.52000000002,17875.0989999998
"7_0.9_0.7",7,0.9,0.7,0.00144,0.02146,2881.99000000022,12412.8016666668
"8_0.9_0.7",8,0.9,0.7,0.00138,0.02444,3093.50000000023,13519.7438333328
"9_0.9_0.7",9,0.9,0.7,0.00157,0.03526,2344.89666666649,10082.3633333332
"10_0.9_0.7",10,0.9,0.7,0.00166,0.03767,2134.4916666667,9406.26966666675
"5_0.5_0.8",5,0.5,0.8,0.00611,0.102,64.5683333333363,280.056666666673
"6_0.5_0.8",6,0.5,0.8,0.00908,0.12049,43.2233333333206,183.869833333316
"7_0.5_0.8",7,0.5,0.8,0.00972,0.1316,33.9666666666744,149.238666666695
"8_0.5_0.8",8,0.5,0.8,0.01377,0.14014,27.4383333333681,119.110833333308
"9_0.5_0.8",9,0.5,0.8,0.0152,0.1527,20.8666666666977,89.4660000000149
"10_0.5_0.8",10,0.5,0.8,0.0151,0.16168,19.8066666667582,86.6833333333489
"5_0.6_0.8",5,0.6,0.8,0.00473,0.07789,124.055000000051,546.085833333324
"6_0.6_0.8",6,0.6,0.8,0.00578,0.09497,89.0299999999115,396.388666666669
"7_0.6_0.8",7,0.6,0.8,0.00822,0.10212,63.3299999999872,279.615166666705
"8_0.6_0.8",8,0.6,0.8,0.00853,0.11666,55.1999999999825,240.674166666606
"9_0.6_0.8",9,0.6,0.8,0.00953,0.12137,47.2666666666337,203.995499999991
"10_0.6_0.8",10,0.6,0.8,0.01129,0.13237,34.7566666666535,151.673666666669
"5_0.7_0.8",5,0.7,0.8,0.00281,0.05666,341.136666666716,1410.1166666665
"6_0.7_0.8",6,0.7,0.8,0.00305,0.06264,216.991666666581,943.96000000005
"7_0.7_0.8",7,0.7,0.8,0.00491,0.07579,167.638333333336,715.685833333337
"8_0.7_0.8",8,0.7,0.8,0.00535,0.08792,123.331666666665,538.005500000062
"9_0.7_0.8",9,0.7,0.8,0.00664,0.0906,104.69833333329,444.072500000056
"10_0.7_0.8",10,0.7,0.8,0.00852,0.10269,77.5300000000279,337.190666666673
"5_0.8_0.8",5,0.8,0.8,0.00109,0.02912,1521.57000000004,6031.26916666674
"6_0.8_0.8",6,0.8,0.8,0.00165,0.03326,932.781666666851,4219.61966666672
"7_0.8_0.8",7,0.8,0.8,0.00188,0.04383,611.383333333302,2774.02466666643
"8_0.8_0.8",8,0.8,0.8,0.00353,0.04864,410.050000000047,1694.41733333333
"9_0.8_0.8",9,0.8,0.8,0.00312,0.05864,366.39499999996,1542.65916666662
"10_0.8_0.8",10,0.8,0.8,0.00361,0.06309,319.161666666856,1363.45916666684
"5_0.9_0.8",5,0.9,0.8,0.00062,0.01125,7722.7966666671,33689.398166667
"6_0.9_0.8",6,0.9,0.8,0.00069,0.01576,6121.22166666681,24504.9740000002
"7_0.9_0.8",7,0.9,0.8,0.00094,0.01629,4363.08333333395,17707.9399999995
"8_0.9_0.8",8,0.9,0.8,0.00117,0.01665,4018.72000000021,16175.2036666661
"9_0.9_0.8",9,0.9,0.8,0.00089,0.0264,3760.0866666669,16316.0119999998
"10_0.9_0.8",10,0.9,0.8,0.00152,0.02616,3528.83999999985,14762.7086666667
"5_0.5_0.9",5,0.5,0.9,0.00566,0.09435,70.5000000000291,300.224166666609
"6_0.5_0.9",6,0.5,0.9,0.00838,0.10992,46.7200000000012,200.058666666655
"7_0.5_0.9",7,0.5,0.9,0.0093,0.12437,35.8866666666581,156.197999999998
"8_0.5_0.9",8,0.5,0.9,0.01292,0.13125,29.0299999999988,127.082000000076
"9_0.5_0.9",9,0.5,0.9,0.01354,0.14442,22.266666666721,97.1066666666884
"10_0.5_0.9",10,0.5,0.9,0.01378,0.15459,21.1566666666186,90.1470000000561
"5_0.6_0.9",5,0.6,0.9,0.00445,0.06777,138.560000000056,602.404000000004
"6_0.6_0.9",6,0.6,0.9,0.00497,0.08356,104.090000000026,450.139166666631
"7_0.6_0.9",7,0.6,0.9,0.00711,0.09339,72.2083333333321,310.496666666659
"8_0.6_0.9",8,0.6,0.9,0.00741,0.10469,62.8283333333093,270.735833333339
"9_0.6_0.9",9,0.6,0.9,0.00859,0.1083,52.9383333332953,228.041666666613
"10_0.6_0.9",10,0.6,0.9,0.01017,0.12034,38.6350000000093,169.469000000047
"5_0.7_0.9",5,0.7,0.9,0.00205,0.04166,454.41333333333,1924.21216666667
"6_0.7_0.9",6,0.7,0.9,0.00264,0.04783,272.740000000107,1212.47966666676
"7_0.7_0.9",7,0.7,0.9,0.00423,0.05987,196.289999999921,845.001666666684
"8_0.7_0.9",8,0.7,0.9,0.004,0.07197,155.113333333284,692.490833333257
"9_0.7_0.9",9,0.7,0.9,0.00524,0.07771,128.136666666716,543.713333333362
"10_0.7_0.9",10,0.7,0.9,0.00733,0.08708,91.513333333307,389.549166666695
"5_0.8_0.9",5,0.8,0.9,0.00061,0.01823,2847.79666666687,11344.4046666668
"6_0.8_0.9",6,0.8,0.9,0.00095,0.02143,1482.75500000006,6355.08599999987
"7_0.8_0.9",7,0.8,0.9,0.00086,0.03054,1026.89333333354,4400.66133333332
"8_0.8_0.9",8,0.8,0.9,0.00258,0.0334,572.556666666642,2461.48499999999
"9_0.8_0.9",9,0.8,0.9,0.00228,0.04209,512.816666666651,2154.42333333334
"10_0.8_0.9",10,0.8,0.9,0.00251,0.0438,474.481666666456,1968.91566666682
"5_0.9_0.9",5,0.9,0.9,0.00029,0.00641,15629.5899999999,68862.3516666666
"6_0.9_0.9",6,0.9,0.9,6e-04,0.00978,7664.99833333335,33098.8015000001
"7_0.9_0.9",7,0.9,0.9,0.00072,0.00999,6048.12333333306,26358.682
"8_0.9_0.9",8,0.9,0.9,6e-04,0.00986,7687.685,30450.367
"9_0.9_0.9",9,0.9,0.9,0.00078,0.01598,4890.77833333332,21290.1800000002
"10_0.9_0.9",10,0.9,0.9,0.00068,0.01687,7857.8900000006,31164.5246666665
"5_0.5_1",5,0.5,1,0.00489,0.08562,80.2566666666535,345.657333333336
"6_0.5_1",6,0.5,1,0.0078,0.09976,50.280000000028,223.136666666646
"7_0.5_1",7,0.5,1,0.00837,0.11414,39.3833333333023,172.69066666665
"8_0.5_1",8,0.5,1,0.01135,0.11899,32.2416666666686,139.614166666652
"9_0.5_1",9,0.5,1,0.01262,0.13276,24.1466666666383,105.189166666685
"10_0.5_1",10,0.5,1,0.01261,0.14036,23.5433333333349,101.489166666688
"5_0.6_1",5,0.6,1,0.00376,0.05556,168.486666666664,734.097666666692
"6_0.6_1",6,0.6,1,0.00389,0.07031,129.569999999992,583.357833333389
"7_0.6_1",7,0.6,1,0.0059,0.07682,85.7983333333541,377.423500000016
"8_0.6_1",8,0.6,1,0.00673,0.0899,71.7733333333454,307.296333333337
"9_0.6_1",9,0.6,1,0.00721,0.09538,61.2233333333334,261.686333333344
"10_0.6_1",10,0.6,1,0.00819,0.10372,46.6266666666488,196.233333333302
"5_0.7_1",5,0.7,1,0.00119,0.02781,670.30999999959,3078.85599999996
"6_0.7_1",6,0.7,1,0.00149,0.032,464.050000000047,1963.95599999995
"7_0.7_1",7,0.7,1,0.00287,0.04124,296.983333333337,1359.01016666666
"8_0.7_1",8,0.7,1,0.0027,0.05061,230.243333333172,1013.19199999997
"9_0.7_1",9,0.7,1,0.00392,0.05546,172.776666666672,744.396666666726
"10_0.7_1",10,0.7,1,0.00464,0.06447,128.791666666657,548.161500000092
"5_0.8_1",5,0.8,1,0.00038,0.00854,4710.30833333338,18925.0791666666
"6_0.8_1",6,0.8,1,0.00025,0.00903,4532.71666666667,17720.5020000001
"7_0.8_1",7,0.8,1,0.00044,0.01367,2026.40666666663,9471.34166666662
"8_0.8_1",8,0.8,1,0.00113,0.01493,1251.68333333333,5583.80266666668
"9_0.8_1",9,0.8,1,0.00104,0.01924,1168.43666666653,4877.88800000008
"10_0.8_1",10,0.8,1,0.00099,0.02068,1078.39333333331,4697.03000000003
"5_0.9_1",5,0.9,1,0.00014,0.00212,31278.58,147073.026666666
"6_0.9_1",6,0.9,1,0.00014,0.00335,29470.25,105426.968666667
"7_0.9_1",7,0.9,1,2e-04,0.00269,19815.0483333331,88471.2965000003
"8_0.9_1",8,0.9,1,0.00012,0.00259,32177.4133333331,130753.895
"9_0.9_1",9,0.9,1,0.00019,0.00438,19733.8833333333,83991.9566666673
"10_0.9_1",10,0.9,1,3e-04,0.00425,16520.4166666665,68810.5159999996
"10_0.9_0.1",10,0.9,0.1,0.0044,0.08716,1256.73333333334,5437.49866666682
"10_0.9_0.2",10,0.9,0.2,0.00361,0.0796,1402.41666666698,6092.80933333328
"10_0.9_0.3",10,0.9,0.3,0.00363,0.07439,952.389999999898,4132.51133333333
"10_0.9_0.4",10,0.9,0.4,0.00316,0.06495,1643.37666666694,6998.8200000003
"10_0.9_0.5",10,0.9,0.5,0.00296,0.05812,1843.063333333,7427.30400000016
"10_0.9_0.6",10,0.9,0.6,0.00225,0.04721,2299.71666666633,10113.4399999998
"10_0.9_0.7",10,0.9,0.7,0.00159,0.03754,2134.4916666667,9406.26966666675
"10_0.9_0.8",10,0.9,0.8,0.00116,0.02667,3528.83999999985,14762.7086666667
"10_0.9_0.9",10,0.9,0.9,0.00085,0.01606,7857.8900000006,31164.5246666665
"10_0.9_1",10,0.9,1,0.00023,0.00451,16520.4166666665,68810.5159999996
"3_0_0.1",3,0,0.1,0.01288,0.15665,16.3600000000442,70.4433333333291
"3_0_0.2",3,0,0.2,0.013,0.15834,15.679999999993,69.5220000000372
"3_0_0.3",3,0,0.3,0.01381,0.15535,15.6333333333314,68.3300000000127
"3_0_0.4",3,0,0.4,0.01258,0.15782,16.6133333333419,70.9463333333295
"3_0_0.5",3,0,0.5,0.01268,0.15765,16.3550000000032,70.6821666666743
"3_0_0.6",3,0,0.6,0.01273,0.15556,16.4483333333301,71.2871666666832
"3_0_0.7",3,0,0.7,0.01311,0.15772,15.911666666665,70.2473333333386
"3_0_0.8",3,0,0.8,0.01266,0.1577,16.289999999979,70.2746666666702
"3_0_0.9",3,0,0.9,0.0122,0.15787,16.5699999999997,72.3083333333314
"3_0_1",3,0,1,0.01209,0.15931,16.5100000000093,71.8980000000069
